Number,Last Name,First Name
1,Robarts,Adam
2,Sarbora,Chris
3,Pinkstaff,Brian
4,Campbell,Steven
5,Adam,Faucett
6,McComsey,Paul
7,Darling,Matt
8,Clary,Derick
9,Retired,(Marty Wilkison)
10,Campbell,Steven
11,Szilveszter,Mark
12,Strobel,Morgan
14,Wassemiller,Mikel
15,Wright,David
17,Pearce,David
17X,Verderico,Sam
19,Wartchow,Tim
21,Smith,Ian
23,Griffin,Darrin
24,Hobbs,Charles
25,Teuton,Scott
26,Wells,Damon
27,Vaage,Aaron
29,Kohlstaedt,David
31,Cresap,Ryan
32,Brown,Jay
33,Retired,Wmrra
36,Hawson,Nick
38,Mermut,Volga
39,Schnider,Scott
40,Stine,Robert
41,Monson,Jacob
42,Adams,James
43,White,Billy
44,Lorentzen,Dan
46,Kump,Kumpy
47,Wilcox,Christopher
48,Retired,(Marty Capadona)
48,Burchill,Brian
49,Stone,Keith
50,Pearson,Doug
53,Swendseid,Kent
54,Moore,Andy
55,Retired,Wmrra
57,Altis,Christopher
58,Smith,Zachary
58X,Diestler,Drat
61,LaBlue,Dion
62,Workman,Rob
63,Kim,Rich
64,Griffin,Cliff
64X,Sarbora,Chris
66,Hudak,Jonathan
67,Alexander,Steven
69,Lenz,Doug
70,Retired,(Jim Kuniyuki)
71,Craick,Duncan
72,Carpenter,Carol
73,Melnyk,Philip
74,Retired,(Mike Sullivan)
77,Walbon,Dustin
78,Cresap,Sean
79,Doody,Jason
81,Ryder,Gary
82,Nanthrup,Kevin
83,Dickson,Brittany
84,Kudo,Micah
85,Parlin,Ryan
86,Gauerke,Eric
88,Smith,Cedric
92,Ohman,Joel
93,Rudy,Ron
94,Coleman,Mitch
95,Heinricks,Dave
96,Burchill,Doug
97,Lane,Jeff
99,Bostashvili,David
102,Hansen,Shaun
104,Burgess,Chris
107,Halbert,Andy
117,Staples,Matt
121,Pinkstaff,Brian
124,Soderholm,Gavin
126,Dobbs,Mallory
131,River,Emily
134,Retired,(Kurt Husted)
149,Nusbaum,Howard
152,Harris,Scott
166,Taylor,Matt
181,Wichgers,Matthew
202,Knudsen,Dustin
204,Faussett,Adam
213,Sandoval,Tico
214,O'Mahony,Karen
219,Fowler,Tim
220,O'Mahony,Tim
222,Mann,Chris
230,Gienau,Paul
236,Retired,(Jim Bailey)
247,Gingerich,Sergio
253,Goddard, Jeremy
254,Retired,(Wiley Brandell)
272,Williams,Donald
283,Retired,Wmrra
284,Visser,Garret
289,Platt,Crystal
303,Retired,(Kelly Johnson)
311,Cook,Troy
313,Kitchell,Matthew
314,Retired,(Claude Jinks)
343,McElhany,Miles
350,Retired,(John Lippis)
351,White,Matthew
393,Nadershahi M.D.,Arash
412,Andrist,Stacey
420,Andrist,Miles
444,Retired,(John Doyle)
479,Andrist,Brett
494,Phillips,Stephen
498,Moore,Eric
676,Winter,Matthew
703X,Ceccacci,Jeff
717,Lange,Don
726,Retired,(Alex Anderson)
777,Wright,Joseph
802,Van Patten,Joe
803,O'Brien,Luke
806,Markey,Pete
807,Eaker,Chris
808,Khan,Salman
810,Hutter,Seppi
811,Victorson,Eric
812,Arnesen,Thomas
813,Kapaldo,Andrew
816,Dawson,Ken
819,Chancellor,Jennifer
820,Kreller,Amanda
821,Kibis,Aleksandr
822,Puchek,Morgan
823,Koger,Terrence
826,Lund,Perry
827,Carrihill,Colin
830,McCullough,Kevin
833,Burke,James
844,Brown,Lucas
864,Love,Brent
868,Dinescu,Stephanie
875,Rohatinsky,Shaun
888,Canright,Greg
900,Oster,Logan
901,Oster,Dave
902,DeShon,Loren
904,Hart,Dawson
905,Balma,Cory
906,Schmal,Nick
907,Radcliff,Keith
911,Prindle,Robert
928,Retired,(Khalil Mohmed)
